<?xml version="1.0" encoding="UTF-8"?>
<configuration>
    <appender name="STDOUT" class="ch.qos.logback.core.ConsoleAppender">
        <!-- encoders are assigned the type
             ch.qos.logback.classic.encoder.PatternLayoutEncoder by default -->
        <encoder>
            <pattern>[%d{HH:mm:ss.SSS} %5level] %40.40X{akkaSource:-local}| %msg%n</pattern>
            <!--<pattern>%d{HH:mm:ss.SSS} [%X{akkaSource:-local}] %-5level %logger{5} - %msg%n</pattern>-->
        </encoder>
    </appender>


    <!-- Strictly speaking, the level attribute is not necessary since -->
    <!-- the level of the root level is set to DEBUG by default.       -->
    <root level="INFO">
        <appender-ref ref="STDOUT" />
    </root>
</configuration>